{
    "rmse": 1.3571626583286254,
    "mae": 0.4766062446616684,
    "r2": 0.4297907771284839
}